{
  "hosting": {
    "public": "Nueva carpeta", 
    "ignore": [
      "firebase.json",
      "**/.*",
      "**/node_modules/**"
    ],
    "headers": [
      {
        "source": "**/*.@(jpg|jpeg|png|gif)",
        "headers": [
          {
            "key": "Content-Type",
            "value": "image/jpeg"
          },
          {
            "key": "Cache-Control",
            "value": "max-age=31536000, immutable"
          }
        ]
      }
    ],
    "rewrites": [
      {
        "source": "**",
        "destination": "/index.html"
      }
    ]
  }
}
